place,pop2023,growthRate,area,country,cca3,cca2,ccn3,region,subregion,landAreaKm,density,densityMi,Rank,gendEqal2021,econ,education,health,polit,rank
352,375318,0.00649,103000,Iceland,ISL,IS,352,Europe,Northern Europe,100830,3.7223,9.6407,179,0.892,0.846,0.999,0.964,0.76,1
246,5545475,0.00085,338424,Finland,FIN,FI,246,Europe,Northern Europe,303940,18.2453,47.2553,118,0.861,0.806,1,0.97,0.669,2
578,5474360,0.00737,323802,Norway,NOR,NO,578,Europe,Northern Europe,364285,15.0277,38.9217,119,0.849,0.792,1,0.964,0.64,3
554,5228100,0.00826,270467,New Zealand,NZL,NZ,554,Oceania,Australia and New Zealand,263310,19.8553,51.4252,123,0.84,0.763,1,0.966,0.63,4
752,10612086,0.00595,450295,Sweden,SWE,SE,752,Europe,Northern Europe,407283.5,26.0558,67.4844,87,0.823,0.81,0.996,0.962,0.522,5
516,2604172,0.01448,825615,Namibia,NAM,NA,516,Africa,Southern Africa, Sub-Saharan Africa,823290,3.1631,8.1925,145,0.809,0.794,1,0.98,0.463,6
646,14094683,0.02308,26338,Rwanda,RWA,RW,646,Africa,Eastern Africa, Sub-Saharan Africa,24670,571.3289,1479.7417,76,0.805,0.726,0.957,0.974,0.563,7
440,2718352,-0.01153,65300,Lithuania,LTU,LT,440,Europe,Northern Europe,62620,43.4103,112.4326,142,0.804,0.808,0.998,0.98,0.429,8
372,5056935,0.00673,70273,Ireland,IRL,IE,372,Europe,Northern Europe,68890,73.4059,190.1214,125,0.8,0.733,0.998,0.964,0.504,9
756,8796669,0.00643,41284,Switzerland,CHE,CH,756,Europe,Western Europe,39516,222.6103,576.5607,101,0.798,0.743,0.992,0.964,0.494,10
276,83294633,-0.0009,357114,Germany,DEU,DE,276,Europe,Western Europe,349390,238.4002,617.4564,19,0.796,0.706,0.997,0.972,0.509,11
558,7046310,0.01409,130373,Nicaragua,NIC,NI,558,North America,Central America, Latin America,120340,58.5533,151.6532,106,0.796,0.598,1,0.978,0.606,12
56,11686140,0.00259,30528,Belgium,BEL,BE,56,Europe,Western Europe,30280,385.9359,999.5741,82,0.789,0.709,1,0.968,0.48,13
724,47519628,-0.00082,505992,Spain,ESP,ES,724,Europe,Southern Europe,499556.6,95.1236,246.3702,32,0.788,0.699,0.998,0.965,0.491,14
188,5212173,0.00605,51100,Costa Rica,CRI,CR,188,North America,Central America, Latin America,51060,102.0794,264.3856,124,0.786,0.624,1,0.973,0.545,15
608,117337368,0.01539,342353,Philippines,PHL,PH,608,Asia,South-Eastern Asia,298170,393.5251,1019.2299,13,0.784,0.795,0.999,0.979,0.362,16
250,64756584,0.00201,551695,France,FRA,FR,250,Europe,Western Europe,547557,118.2646,306.3052,23,0.784,0.71,1,0.97,0.457,17
710,60414495,0.00869,1221037,South Africa,ZAF,ZA,710,Africa,Southern Africa, Sub-Saharan Africa,1213090,49.8022,128.9876,24,0.781,0.658,0.994,0.979,0.493,18
688,7149077,-0.01001,88361,Serbia,SRB,RS,688,Europe,Southern Europe,87460,81.7411,211.7095,105,0.78,0.716,0.998,0.969,0.437,19
428,1830211,-0.01105,64559,Latvia,LVA,LV,428,Europe,Northern Europe,62230,29.4104,76.173,151,0.778,0.822,1,0.976,0.313,20
40,8958960,0.00216,83871,Austria,AUT,AT,40,Europe,Western Europe,82520,108.5671,281.1889,100,0.777,0.665,1,0.97,0.473,21
826,67736802,0.00338,242900,United Kingdom,GBR,GB,826,Europe,Northern Europe,241930,279.9851,725.1615,21,0.775,0.716,0.999,0.966,0.419,22
620,10247605,-0.00227,92090,Portugal,PRT,PT,620,Europe,Southern Europe,91605.6,111.8666,289.7344,93,0.775,0.746,0.992,0.972,0.39,23
124,38781291,0.0085,9984670,Canada,CAN,CA,124,North America,Northern America,8965590,4.3256,11.2032,38,0.772,0.741,1,0.968,0.381,24
8,2832439,-0.00348,28748,Albania,ALB,AL,8,Europe,Southern Europe,27400,103.3737,267.7378,138,0.77,0.748,0.999,0.956,0.377,25
108,13238559,0.02708,27834,Burundi,BDI,BI,108,Africa,Eastern Africa, Sub-Saharan Africa,25680,515.5202,1335.1973,78,0.769,0.855,0.896,0.979,0.345,26
52,281995,0.00128,430,Barbados,BRB,BB,52,North America,Caribbean,430,655.8023,1698.528,186,0.769,0.837,0.991,0.968,0.278,27
208,5910913,0.00487,43094,Denmark,DNK,DK,208,Europe,Northern Europe,40000,147.7728,382.7316,115,0.768,0.736,1,0.964,0.371,28
498,3435931,0.04978,33846,Moldova,MDA,MD,498,Europe,Eastern Europe,32884.6,104.4845,270.6149,134,0.768,0.811,0.996,0.98,0.286,29
840,339996563,0.00505,9372610,United States,USA,US,840,North America,Northern America,9147420,37.1686,96.2666,3,0.763,0.754,1,0.97,0.329,30
528,17618299,0.00309,41850,Netherlands,NLD,NL,528,Europe,Western Europe,33670,523.264,1355.2538,72,0.762,0.713,1,0.962,0.375,31
508,33897354,0.02814,801590,Mozambique,MOZ,MZ,508,Africa,Eastern Africa, Sub-Saharan Africa,786380,43.1056,111.6434,48,0.758,0.655,0.904,0.98,0.494,32
112,9498238,-0.00385,207600,Belarus,BLR,BY,112,Europe,Eastern Europe,202980,46.794,121.1964,97,0.758,0.84,0.999,0.977,0.216,33
484,128455567,0.00746,1964375,Mexico,MEX,MX,484,North America,Central America, Latin America,1943950,66.0797,171.1463,10,0.757,0.59,0.997,0.975,0.468,34
32,45773884,0.00579,2780400,Argentina,ARG,AR,32,South America,South America, Latin America,2736690,16.726,43.3203,33,0.752,0.639,1,0.977,0.39,35
418,7633779,0.01385,236800,Laos,LAO,LA,418,Asia,South-Eastern Asia,230800,33.0753,85.665,103,0.75,0.915,0.965,0.975,0.146,36
780,1534937,0.00254,5130,Trinidad And Tobago,TTO,TT,780,North America,Caribbean,5130,299.208,774.9487,153,0.749,0.703,0.994,0.98,0.319,37
192,11194449,-0.00158,109884,Cuba,CUB,CU,192,North America,Caribbean,103800,107.8463,279.322,85,0.746,0.63,0.998,0.973,0.382,38
100,6687717,-0.0139,110879,Bulgaria,BGR,BG,100,Europe,Eastern Europe,108560,61.6039,159.554,110,0.746,0.738,0.991,0.979,0.275,39
388,2825544,-0.00065,10991,Jamaica,JAM,JM,388,North America,Caribbean,10830,260.8997,675.7303,139,0.741,0.768,1,0.968,0.23,40
705,2119675,-0.00008,20273,Slovenia,SVN,SI,705,Europe,Southern Europe,20136.4,105.2658,272.6385,149,0.741,0.803,1,0.977,0.184,41
218,18190484,0.01053,276841,Ecuador,ECU,EC,218,South America,South America, Latin America,248360,73.2424,189.6978,68,0.739,0.675,0.997,0.968,0.318,42
222,6364943,0.00451,21041,El Salvador,SLV,SV,222,North America,Central America, Latin America,20720,307.1884,795.6179,112,0.738,0.634,0.992,0.98,0.347,43
591,4468087,0.0135,75417,Panama,PAN,PA,591,North America,Central America, Latin America,74180,60.233,156.0036,128,0.737,0.731,0.994,0.973,0.252,44
191,4008617,-0.00539,56594,Croatia,HRV,HR,191,Europe,Southern Europe,55960,71.6336,185.5311,130,0.733,0.666,0.995,0.978,0.294,45
233,1322765,-0.00249,45227,Estonia,EST,EE,233,Europe,Northern Europe,42750,30.9419,80.1394,156,0.733,0.754,1,0.975,0.201,46
716,16665409,0.02113,390757,Zimbabwe,ZWE,ZW,716,Africa,Eastern Africa, Sub-Saharan Africa,386850,43.0798,111.5766,74,0.732,0.763,0.977,0.98,0.21,47
268,3728282,-0.0043,69700,Georgia,GEO,GE,268,Asia,Western Asia,69490,53.6521,138.9588,132,0.732,0.705,1,0.977,0.245,48
499,626485,-0.00095,13812,Montenegro,MNE,ME,499,Europe,Southern Europe,13450,46.5788,120.6391,169,0.732,0.748,0.998,0.97,0.212,49
36,26439111,0.01,7692024,Australia,AUS,AU,36,Oceania,Australia and New Zealand,7692020,3.4372,8.9024,55,0.731,0.7,1,0.968,0.258,50
748,1210822,0.00762,17364,Eswatini,SWZ,SZ,748,Africa,Southern Africa, Sub-Saharan Africa,17200,70.3966,182.3273,159,0.729,0.797,0.992,0.98,0.147,51
740,623236,0.00841,163820,Suriname,SUR,SR,740,South America,South America, Latin America,156000,3.9951,10.3473,170,0.729,0.703,0.993,0.969,0.252,52
328,813834,0.00632,214969,Guyana,GUY,GY,328,South America,South America, Latin America,196850,4.1343,10.7078,164,0.728,0.638,0.984,0.98,0.31,53
702,6014723,0.00653,710,Singapore,SGP,SG,702,Asia,South-Eastern Asia,718,8377.0515,21696.5635,114,0.727,0.749,0.99,0.963,0.208,54
894,20569737,0.02758,752612,Zambia,ZMB,ZM,894,Africa,Eastern Africa, Sub-Saharan Africa,743390,27.6702,71.6658,63,0.726,0.804,0.938,0.98,0.18,55
442,654768,0.01107,2586,Luxembourg,LUX,LU,442,Europe,Western Europe,2574.5,254.3282,658.7101,168,0.726,0.691,1,0.965,0.247,56
170,52085168,0.00407,1141748,Colombia,COL,CO,170,South America,South America, Latin America,1109500,46.9447,121.5868,28,0.725,0.708,1,0.975,0.216,57
450,30325732,0.02411,587041,Madagascar,MDG,MG,450,Africa,Eastern Africa, Sub-Saharan Africa,581800,52.124,135.0011,50,0.725,0.754,0.982,0.965,0.2,58
44,412623,0.00644,13943,Bahamas,BHS,BS,44,North America,Caribbean,10010,41.2211,106.7626,176,0.725,0.857,1,0.98,0.064,59
376,9174520,0.01507,20770,Israel,ISR,IL,376,Asia,Western Asia, The Middle East,21640,423.9612,1098.0595,98,0.724,0.705,1,0.964,0.227,60
68,12388571,0.01345,1098581,Bolivia,BOL,BO,68,South America,South America, Latin America,1083300,11.436,29.6191,80,0.722,0.595,0.981,0.962,0.352,61
380,58870762,-0.00282,301336,Italy,ITA,IT,380,Europe,Southern Europe,295717,199.078,515.6121,25,0.721,0.609,0.997,0.965,0.313,62
604,34352719,0.0089,1285216,Peru,PER,PE,604,South America,South America, Latin America,1280000,26.8381,69.5106,45,0.721,0.629,0.981,0.964,0.31,63
50,172954319,0.01033,147570,Bangladesh,BGD,BD,50,Asia,Southern Asia, South Central Asia,130170,1328.6803,3441.2821,8,0.719,0.418,0.951,0.962,0.546,64
800,48582334,0.02821,241550,Uganda,UGA,UG,800,Africa,Eastern Africa, Sub-Saharan Africa,200520,242.2817,627.5097,30,0.717,0.692,0.898,0.98,0.296,65
152,19629590,0.00132,756102,Chile,CHL,CL,152,South America,South America, Latin America,743532,26.4005,68.3772,65,0.716,0.61,1,0.97,0.283,66
340,10593798,0.01543,112492,Honduras,HND,HN,340,North America,Central America, Latin America,111890,94.6805,245.2224,88,0.716,0.721,1,0.964,0.179,67
784,9516871,0.00802,83600,United Arab Emirates,ARE,AE,784,Asia,Western Asia, The Middle East,71020,134.0027,347.067,96,0.716,0.51,0.987,0.963,0.403,68
496,3447157,0.01436,1564110,Mongolia,MNG,MN,496,Asia,Eastern Asia,1557506.8,2.2133,5.7323,133,0.716,0.769,0.993,0.98,0.122,69
72,2675352,0.01713,582000,Botswana,BWA,BW,72,Africa,Southern Africa, Sub-Saharan Africa,566730,4.7207,12.2266,144,0.716,0.799,1,0.98,0.084,70
132,598682,0.00933,4033,Cape Verde,CPV,CV,132,Africa,Western Africa, Sub-Saharan Africa,4033,148.4458,384.4747,171,0.716,0.761,0.972,0.98,0.152,71
807,2085679,-0.00378,25713,North Macedonia,MKD,MK,807,Europe,Southern Europe,25220,82.6994,214.1915,150,0.715,0.647,0.977,0.97,0.267,72
804,36744634,-0.07448,603500,Ukraine,UKR,UA,804,Europe,Eastern Europe,579400,63.4184,164.2537,41,0.714,0.732,1,0.978,0.147,73
616,41026067,0.02933,312679,Poland,POL,PL,616,Europe,Eastern Europe,306130,134.0152,347.0993,37,0.713,0.705,0.996,0.98,0.171,74
70,3210847,-0.00701,51209,Bosnia And Herzegovina,BIH,BA,70,Europe,Southern Europe,51200,62.7119,162.4237,137,0.713,0.608,0.967,0.974,0.302,75
703,5795199,0.02689,49037,Slovakia,SVK,SK,703,Europe,Eastern Europe,49035,118.1849,306.099,116,0.712,0.682,1,0.98,0.184,76
203,10495295,0.00013,78865,Czech Republic,CZE,CZ,203,Europe,Eastern Europe,77198.5,135.9521,352.1158,89,0.711,0.662,1,0.978,0.203,77
764,71801279,0.00145,513120,Thailand,THA,TH,764,Asia,South-Eastern Asia,510890,140.5416,364.0026,20,0.71,0.787,0.992,0.978,0.084,78
398,19606633,0.01076,2724900,Kazakhstan,KAZ,KZ,398,Asia,Central Asia,2699700,7.2625,18.8099,66,0.71,0.728,0.995,0.975,0.141,79
643,144444359,-0.00186,17098242,Russia,RUS,RU,643,Europe,Eastern Europe,16376870,8.82,22.8439,9,0.708,0.767,1,0.98,0.085,80
834,67438106,0.02963,945087,Tanzania,TZA,TZ,834,Africa,Eastern Africa, Sub-Saharan Africa,885800,76.1324,197.183,22,0.707,0.703,0.921,0.97,0.235,81
196,1260138,0.00691,9251,Cyprus,CYP,CY,196,Europe,Eastern Europe, The Middle East,9240,136.3786,353.2205,158,0.707,0.694,0.998,0.96,0.177,82
470,535064,0.00333,316,Malta,MLT,MT,470,Europe,Southern Europe,320,1672.075,4330.6743,173,0.703,0.656,1,0.965,0.192,83
600,6861524,0.01191,406752,Paraguay,PRY,PY,600,South America,South America, Latin America,397300,17.2704,44.7303,108,0.702,0.672,0.998,0.974,0.164,84
858,3423108,0.00009,181034,Uruguay,URY,UY,858,South America,South America, Latin America,175020,19.5584,50.6562,135,0.702,0.69,1,0.98,0.14,85
704,98858950,0.00685,331212,Vietnam,VNM,VN,704,Asia,South-Eastern Asia,313429,315.411,816.9145,16,0.701,0.765,0.982,0.945,0.113,86
642,19892812,0.01188,238391,Romania,ROU,RO,642,Europe,Eastern Europe,230080,86.4604,223.9325,64,0.7,0.723,0.997,0.98,0.1,87
862,28838499,0.01897,916445,Venezuela,VEN,VE,862,South America,South America, Latin America,882050,32.6949,84.6797,52,0.699,0.617,0.998,0.98,0.199,88
214,11332972,0.00928,48671,Dominican Republic,DOM,DO,214,North America,Caribbean,48310,234.5885,607.5843,84,0.699,0.646,1,0.98,0.172,89
84,410825,0.0137,22966,Belize,BLZ,BZ,84,North America,Central America, Latin America,22810,18.0107,46.6478,177,0.699,0.749,0.991,0.98,0.075,90
426,2330318,0.01062,30355,Lesotho,LSO,LS,426,Africa,Southern Africa, Sub-Saharan Africa,30360,76.7562,198.7985,147,0.698,0.647,1,0.98,0.165,91
76,216422446,0.00515,8515767,Brazil,BRA,BR,76,South America,South America, Latin America,8358140,25.8936,67.0645,7,0.695,0.665,1,0.98,0.138,92
430,5418377,0.02182,111369,Liberia,LBR,LR,430,Africa,Western Africa, Sub-Saharan Africa,96320,56.2539,145.6976,120,0.693,0.717,0.839,0.962,0.255,93
404,55100586,0.01986,580367,Kenya,KEN,KE,404,Africa,Eastern Africa, Sub-Saharan Africa,569140,96.8138,250.7477,26,0.692,0.672,0.929,0.975,0.193,94
120,28647293,0.02625,475442,Cameroon,CMR,CM,120,Africa,Middle Africa, Sub-Saharan Africa,472710,60.6023,156.9598,53,0.692,0.706,0.885,0.973,0.202,95
231,126527060,0.02551,1104300,Ethiopia,ETH,ET,231,Africa,Eastern Africa, Sub-Saharan Africa,1128571.3,112.1126,290.3716,11,0.691,0.56,0.85,0.971,0.382,96
300,10341277,-0.00421,131990,Greece,GRC,GR,300,Europe,Southern Europe,128900,80.2271,207.7883,91,0.689,0.672,0.994,0.966,0.123,97
360,277534122,0.00738,1904569,Indonesia,IDN,ID,360,Asia,South-Eastern Asia,1877519,147.8196,382.8528,4,0.688,0.647,0.97,0.971,0.164,98
31,10412651,0.00527,86600,Azerbaijan,AZE,AZ,31,Asia,Western Asia,82646,125.991,326.3167,90,0.688,0.748,0.996,0.939,0.069,99
348,10156239,0.01896,93028,Hungary,HUN,HU,348,Europe,Eastern Europe,91260,111.2891,288.2386,94,0.688,0.669,0.993,0.98,0.112,100
410,51784059,-0.00061,100210,South Korea,KOR,KR,410,Asia,Eastern Asia,97600,530.5744,1374.1876,29,0.687,0.586,0.973,0.976,0.214,101
686,17763163,0.0258,196722,Senegal,SEN,SN,686,Africa,Western Africa, Sub-Saharan Africa,192530,92.2618,238.958,71,0.684,0.554,0.888,0.967,0.327,102
116,16944826,0.01056,181035,Cambodia,KHM,KH,116,Asia,South-Eastern Asia,176520,95.9938,248.6239,73,0.684,0.729,0.919,0.978,0.111,103
524,30896590,0.01143,147181,Nepal,NPL,NP,524,Asia,Southern Asia, South Central Asia,143350,215.5325,558.2293,49,0.683,0.63,0.895,0.965,0.241,104
768,9053799,0.02318,56785,Togo,TGO,TG,768,Africa,Western Africa, Sub-Saharan Africa,54390,166.4607,431.1333,99,0.683,0.787,0.782,0.979,0.185,105
156,1425671352,-0.00015,9706961,China,CHN,CN,156,Asia,Eastern Asia,9424702.9,151.2696,391.7884,2,0.682,0.701,0.973,0.935,0.118,106
104,54577997,0.00736,676578,Myanmar,MMR,MM,104,Asia,South-Eastern Asia,652670,83.6227,216.5827,27,0.681,0.657,0.975,0.98,0.113,107
417,6735347,0.01579,199951,Kyrgyzstan,KGZ,KG,417,Asia,Central Asia, South Central Asia,191800,35.1165,90.9518,109,0.681,0.646,0.99,0.98,0.108,108
480,1300557,0.00084,2040,Mauritius,MUS,MU,480,Africa,Eastern Africa, Sub-Saharan Africa,2030,640.6685,1659.3313,157,0.679,0.6,0.992,0.98,0.144,109
96,452524,0.00784,5765,Brunei,BRN,BN,96,Asia,South-Eastern Asia,5270,85.8679,222.3979,175,0.678,0.722,0.992,0.965,0.031,110
458,34308525,0.01091,330803,Malaysia,MYS,MY,458,Asia,South-Eastern Asia,328550,104.4241,270.4583,46,0.676,0.638,0.994,0.972,0.102,111
242,936375,0.00711,18272,Fiji,FJI,FJ,242,Oceania,Melanesia,18270,51.2521,132.7428,162,0.674,0.568,0.997,0.972,0.16,112
51,2777970,-0.0009,29743,Armenia,ARM,AM,51,Asia,Western Asia,28470,97.5753,252.7201,140,0.673,0.655,0.998,0.95,0.091,113
454,20931751,0.0258,118484,Malawi,MWI,MW,454,Africa,Eastern Africa, Sub-Saharan Africa,94280,222.0169,575.0237,62,0.671,0.624,0.915,0.98,0.164,114
144,21893579,0.00281,65610,Sri Lanka,LKA,LK,144,Asia,Southern Asia, South Central Asia,61860,353.9214,916.6565,61,0.67,0.547,0.988,0.98,0.167,115
288,34121985,0.0193,238533,Ghana,GHA,GH,288,Africa,Western Africa, Sub-Saharan Africa,227533,149.965,388.4093,47,0.666,0.598,0.951,0.978,0.135,116
324,14190612,0.0239,245857,Guinea,GIN,GN,324,Africa,Western Africa, Sub-Saharan Africa,245720,57.7511,149.5755,75,0.66,0.839,0.68,0.966,0.157,117
24,36684202,0.03077,1246700,Angola,AGO,AO,24,Africa,Middle Africa, Sub-Saharan Africa,1246700,29.425,76.2109,42,0.657,0.646,0.759,0.976,0.245,118
392,123294513,-0.0053,377930,Japan,JPN,JP,392,Asia,Eastern Asia,364500,338.2566,876.0845,12,0.656,0.604,0.983,0.973,0.061,119
320,18092026,0.01391,108889,Guatemala,GTM,GT,320,North America,Central America, Latin America,107160,168.8319,437.2746,70,0.655,0.56,0.969,0.979,0.112,120
694,8791092,0.02154,71740,Sierra Leone,SLE,SL,694,Africa,Western Africa, Sub-Saharan Africa,72180,121.794,315.4465,102,0.655,0.713,0.86,0.966,0.083,121
204,13712828,0.02696,112622,Benin,BEN,BJ,204,Africa,Western Africa, Sub-Saharan Africa,112760,121.6107,314.9718,77,0.653,0.814,0.733,0.973,0.093,122
854,23251485,0.02548,272967,Burkina Faso,BFA,BF,854,Africa,Western Africa, Sub-Saharan Africa,273600,84.9835,220.1073,59,0.651,0.689,0.873,0.978,0.066,123
762,10143543,0.01917,143100,Tajikistan,TJK,TJ,762,Asia,Central Asia, South Central Asia,138790,73.0855,189.2916,95,0.65,0.574,0.942,0.969,0.112,124
788,12458223,0.00826,163610,Tunisia,TUN,TN,788,Africa,Northern Africa,155360,80.1894,207.6905,79,0.649,0.445,0.97,0.969,0.212,125
270,2773168,0.02483,10689,Gambia,GMB,GM,270,Africa,Western Africa, Sub-Saharan Africa,10120,274.0285,709.7337,141,0.644,0.607,0.891,0.968,0.112,126
462,521020.99999999994,-0.00528,300,Maldives,MDV,MV,462,Asia,Southern Asia, South Central Asia,300,1736.7367,4498.148,174,0.642,0.491,1,0.955,0.121,127
818,112716598,0.01556,1002450,Egypt,EGY,EG,818,Africa,Northern Africa, The Middle East,995450,113.2318,293.2704,14,0.639,0.421,0.973,0.968,0.196,128
64,787424,0.00635,38394,Bhutan,BTN,BT,64,Asia,Southern Asia, South Central Asia,38140,20.6456,53.4722,165,0.639,0.556,0.954,0.963,0.082,129
792,85816199,0.00557,783562,Turkey,TUR,TR,792,Asia,Western Asia, The Middle East,783562,109.5206,283.6584,18,0.638,0.486,0.975,0.967,0.123,130
400,11337052,0.00454,89342,Jordan,JOR,JO,400,Asia,Western Asia, The Middle East,88794,127.6781,330.6864,83,0.638,0.538,0.991,0.957,0.066,131
422,5353930,-0.02474,10452,Lebanon,LBN,LB,422,Asia,Western Asia, The Middle East,10230,523.3558,1355.4916,122,0.638,0.487,0.964,0.97,0.129,132
384,28873034,0.0253,322463,Ivory Coast,CIV,CI,384,Africa,Western Africa, Sub-Saharan Africa,318000,90.7957,235.1609,51,0.637,0.664,0.828,0.979,0.076,133
598,10329931,0.01847,462840,Papua New Guinea,PNG,PG,598,Oceania,Melanesia,452860,22.8104,59.079,92,0.635,0.684,0.895,0.959,0,134
12,45606480,0.01566,2381741,Algeria,DZA,DZ,12,Africa,Northern Africa,2381741,19.1484,49.5943,34,0.633,0.456,0.966,0.958,0.151,135
48,1485509,0.00902,765,Bahrain,BHR,BH,48,Asia,Western Asia, The Middle East,785,1892.3682,4901.2335,154,0.632,0.518,0.985,0.959,0.066,136
562,27202843,0.03796,1267000,Niger,NER,NE,562,Africa,Western Africa, Sub-Saharan Africa,1266700,21.4754,55.6212,54,0.629,0.673,0.726,0.964,0.155,137
566,223804632,0.02408,923768,Nigeria,NGA,NG,566,Africa,Western Africa, Sub-Saharan Africa,910770,245.7312,636.4439,6,0.627,0.687,0.806,0.967,0.047,138
356,1428627663,0.00808,3287590,India,IND,IN,356,Asia,Southern Asia, South Central Asia,2973190,480.5033,1244.5036,1,0.625,0.326,0.962,0.937,0.276,139
548,334506,0.02377,12189,Vanuatu,VUT,VU,548,Oceania,Melanesia,12190,27.441,71.0722,182,0.625,0.576,0.947,0.975,0,140
634,2716391,0.00789,11586,Qatar,QAT,QA,634,Asia,Western Asia, The Middle East,11490,236.4135,612.3109,143,0.624,0.504,0.99,0.948,0.053,141
414,4310108,0.00966,17818,Kuwait,KWT,KW,414,Asia,Western Asia, The Middle East,17820,241.8691,626.4411,129,0.621,0.498,0.997,0.968,0.022,142
504,37840044,0.0102,446550,Morocco,MAR,MA,504,Africa,Northern Africa,446300,84.7861,219.596,39,0.612,0.407,0.956,0.961,0.126,143
512,4644384,0.01488,309500,Oman,OMN,OM,512,Asia,Western Asia, The Middle East,309500,15.0061,38.8658,127,0.608,0.453,0.977,0.961,0.041,144
478,4862989,0.02678,1030700,Mauritania,MRT,MR,478,Africa,Western Africa, Sub-Saharan Africa,1030700,4.7181,12.22,126,0.606,0.44,0.879,0.957,0.147,145
682,36947025,0.01478,2149690,Saudi Arabia,SAU,SA,682,Asia,Western Asia, The Middle East,2149690,17.1871,44.5147,40,0.603,0.39,0.98,0.964,0.077,146
148,18278568,0.03133,1284000,Chad,TCD,TD,148,Africa,Middle Africa, Sub-Saharan Africa,1259200,14.516,37.5965,67,0.593,0.693,0.589,0.97,0.118,147
466,23293698,0.03099,1240192,Mali,MLI,ML,466,Africa,Western Africa, Sub-Saharan Africa,1220190,19.0902,49.4437,58,0.591,0.475,0.757,0.959,0.172,148
364,89172767,0.00703,1648195,Iran,IRN,IR,364,Asia,Southern Asia, The Middle East,1622500,54.9601,142.3467,17,0.582,0.375,0.953,0.963,0.036,149
180,102262808,0.03285,2344858,DR Congo,COD,CD,180,Africa,Middle Africa, Sub-Saharan Africa,2267050,45.1083,116.8305,15,0.576,0.571,0.658,0.976,0.099,150
760,23227014,0.0498,185180,Syria,SYR,SY,760,Asia,Western Asia, The Middle East,183630,126.4881,327.6042,60,0.568,0.285,0.953,0.965,0.067,151
586,240485658,0.01976,881912,Pakistan,PAK,PK,586,Asia,Southern Asia, South Central Asia,770880,311.9625,807.9829,5,0.556,0.316,0.811,0.944,0.154,152
368,45504560,0.02266,438317,Iraq,IRQ,IQ,368,Asia,Western Asia, The Middle East,434128,104.8183,271.4794,35,0.535,0.228,0.807,0.968,0.136,153
887,34449825,0.02235,527968,Yemen,YEM,YE,887,Asia,Western Asia, The Middle East,527970,65.2496,168.9964,44,0.492,0.282,0.717,0.968,0.001,154
4,42239854,0.02702,652230,Afghanistan,AFG,AF,4,Asia,South Central Asia, Southern Asia,652230,64.7622,167.7341,36,0.444,0.18,0.514,0.952,0.132,155
